"Violation_Number","Violation_Description","Violation_Category"
0,"Kongfu Panda","Approved Source"
1,"Correct response to questions","Demonstration of knowledge"
2,"Management awareness; policy present","Employee Health"
3,"Proper use of restriction and exclusion","Employee Health"
4,"Proper eating, tasting, drinking, or tobacco use","Good Hygienic Practices"
5,"No discharge from eyes, nose and mouth","Good Hygienic Practices"
6,"Hands clean and properly washed","Preventing Contamination by Hands"
7,"No bare hand contact with ready-to-eat foods or approved","Preventing Contamination by Hands"
8,"Adequate handwashing sinks properly supplied and accessible","Preventing Contamination by Hands"
9,"Food obtained from approved source","Approved Source"
10,"Food received at proper temperature","Approved Source"
11,"Food in good condition, safe, unadulterated","Approved Source"
12,"Required records available: shellstock tags, parasite destruction","Approved Source"
13,"Food separated and protected","Protection from Contamination"
14,"Food-contact surfaces: cleaned & sanitized","Protection from Contamination"
15,"Proper disposition of returned, previously served, reconditioned, and unsafe food","Protection from Contamination"
16,"Proper cooking time and temperatures","Potentially Hazardous Food (TCS Food)"
17,"Proper reheating procedures for hot holding","Potentially Hazardous Food (TCS Food)"
18,"Proper cooling time & temperatures","Potentially Hazardous Food (TCS Food)"
19,"Proper hot holding temperatures","Potentially Hazardous Food (TCS Food)"
20,"Proper cold holding temperatures","Potentially Hazardous Food (TCS Food)"
21,"Proper date marking & disposition","Potentially Hazardous Food (TCS Food)"
22,"Time as a public health control: procedures & records","Potentially Hazardous Food (TCS Food)"
23,"Consumer advisory provided for raw or undercooked foods","Consumer Advisory"
24,"Pasteurized foods used; prohibited foods not offered","Highly Susceptible Populations"
25,"Food additives: approved & properly used","Chemical"
26,"Toxic substances properly identified, stored, used","Chemical"
27,"Compliance with variance, specialized process, and HACCP plan","Conformance with Approved Procedures"
28,"Pasteurized eggs used where required","Safe Food and Water"
29,"Water & Ice approved source","Safe Food and Water"
30,"Variance obtained for specialized processing methods","Safe Food and Water"
31,"Proper cooling methods used; adequate equipment for temperature control","Food Temperature Control"
32,"Plant food properly cooked for hot holding","Food Temperature Control"
33,"Approved thawing methods used","Food Temperature Control"
34,"Thermometers provided & accurate","Food Temperature Control"
35,"Food properly labeled; original container","Food Identification"
36,"Insects, rodents, & animals not present","Prevention of Food Contamination"
37,"Contamination prevented during food preparation, storage, & display","Prevention of Food Contamination"
38,"Personal cleanliness","Prevention of Food Contamination"
39,"Wiping cloths: properly used & stored","Prevention of Food Contamination"
40,"Washing fruits & vegetables","Prevention of Food Contamination"
41,"In-use utensils: properly stored","Proper Use of Utensils"
42,"Utensils, equipment & linens: properly stored, dried, & handled","Proper Use of Utensils"
43,"Single-use/single-service articles: properly stored & used","Proper Use of Utensils"
44,"Gloves used properly","Proper Use of Utensils"
45,"Food and nonfood-contact surfaces cleanable, properly designed, constructed, & used","Utensils, Equipment, and Vending"
46,"Warewashing facilities: installed, maintained, & used; test strips","Utensils, Equipment, and Vending"
47,"Nonfood-contact surfaces clean","Utensils, Equipment, and Vending"
48,"Hot & cold water available; adequate pressure","Physical Facilites"
49,"Plumbing installed; proper backflow devices","Physical Facilites"
50,"Sewage & waste water properly disposed","Physical Facilites"
51,"Toilet facilities: properly constructed, supplied, & cleaned","Physical Facilites"
52,"Garbage & refuse properly disposed, facilities maintained","Physical Facilites"
53,"Physical facilities: installed, maintained, & clean","Physical Facilites"
54,"Adequate ventilation & lighting: designated areas used","Physical Facilites"
